Kundenname;IP-Adresse;Port;Seriennummer;Firmware;FortiCare;FortiGuard;AV-DB;FortiManager;Local-in-policy;Uptime;SSIDs;AP-Name;AP-Serials;AP-Firmware
Bachmann und Partner;83.173.194.54;8443;FG100C3G10608388;v5.2.10;;22.03.2018;53.00273;unknown;False;;Guggital++;AP01;FP221C3X14023160;FP221C-v5.2-build0262
EFZ;213.200.213.80;8443;FGT60D4614051465;v5.2.10;;26.02.2018;53.00275;unknown;False;;None;None;None;None
EFZ;109.164.213.30;8443;FGT70D3Z14000785;v5.2.10;;26.02.2018;53.00276;unknown;False;;EFZ-Gast,EFZ-intern;AP-Sommervoegel,AP-Brandschutztuere,AP-Kindergarten,AP-Empfang,AP-Fliegenpilz,AP-Delfin,AP-Geschaeftsstelle,AP-Schwalbe,AP-Sterne;FP221C3X16025877,FP221C3X16025879,FP221C3X16025888,FP221C3X16025897,FP221C3X16025898,FP221C3X16025903,FP221C3X16025904,FP221C3X16025918,FP221C3X16025928;FP221C-v5.2-build0262,FP221C-v5.2-build0262,FP221C-v5.2-build0262,FP221C-v5.2-build0262,FP221C-v5.2-build0262,FP221C-v5.2-build0262,FP221C-v5.2-build0262,FP221C-v5.2-build0262,FP221C-v5.2-build0262
KT Trading;212.4.67.146;8443;FG100C3G10601509;v5.2.10;;07.12.2017;53.00275;unknown;False;;None;None;None;None
Landtwing Telefon und Elektro AG;46.14.169.146;8443;FGT60D4613039816;v5.2.10;;13.07.2018;53.00289;unknown;False;;None;None;None;None
Liebfrauenschwestern;46.14.102.246;8443;FWF60D4613004790;v5.2.10;;09.07.2019;53.00275;unknown;False;;None;None;None;None
Montana;82.136.105.19;8443;FG100D3G13825334;v5.2.10;;27.10.2018;53.00289;unknown;False;;Montana-Zug;ZB-AP20,ZB-AP01,ZB-AP02,ZB-AP08,ZB-AP05,ZB-AP04,ZB-AP09,ZB-AP10,ZB-AP12,ZB-AP03,ZB-AP06,ZB-AP07,ZB-AP11,ZB-AP15,ZB-AP13,ZB-AP14,ZB-AP16,ZB-AP17,ZB-AP18,ZB-AP19,ZB-AP22,ZB-AP21;FAP2223X11000238,FP221B3X13007926,FP221B3X13030292,FP221C3X14000366,FP221C3X14000367,FP221C3X14000398,FP221C3X14000402,FP221C3X14000406,FP221C3X14000407,FP221C3X14000412,FP221C3X14000414,FP221C3X14000430,FP221C3X14000438,FP221C3X14000439,FP221C3X14000440,FP221C3X14000456,FP221C3X14004381,FP221C3X14004526,FP221C3X14027553,FP221C3X15007656,FP221C3X15021196,FP221C3X15021380;FAP222-v5.2-build0262,FP221B-v5.2-build0262,FP221B-v5.2-build0262,FP221C-v5.2-build0262,FP221C-v5.2-build0262,FP221C-v5.2-build0262,FP221C-v5.2-build0262,FP221C-v5.2-build0262,FP221C-v5.2-build0262,FP221C-v5.2-build0262,FP221C-v5.2-build0262,FP221C-v5.2-build0262,FP221C-v5.2-build0262,FP221C-v5.2-build0262,FP221C-v5.2-build0262,FP221C-v5.2-build0262,FP221C-v5.2-build0262,FP221C-v5.2-build0262,FP221C-v5.2-build0262,FP221C-v5.2-build0262,FP221C-v5.2-build0262,FP221C-v5.2-build0262
Paramed Akademie AG;217.194.55.93;8443;FG100D3G12808090;v5.2.10;;15.12.2018;53.00289;unknown;False;;None;None;None;None
Parkinson;83.173.213.70;8443;FGT60D4615061926;v5.2.10;;13.11.2018;53.00288;unknown;False;;None;None;None;None
VIC CHGEGE;213.200.193.29;8443;FGT60C3G14009041;v5.2.10;;21.07.2019;53.00288;unknown;False;;None;None;None;None
Blättler AG (ITS4Biz);46.14.49.206;8443;FGT60C3G12029562;v5.2.11;;01.05.2018;53.00273;unknown;False;;None;None;None;None
Claraspital;217.168.45.242;8443;FGT3HD3916800997;v5.2.11;;08.07.2021;53.00289;unknown;False;;None;None;None;None
Fiscom Treuhand;46.14.180.66;8443;FGT60C3G12017982;v5.2.11;;26.10.2018;53.00289;unknown;False;;None;None;None;None
Trigon;217.194.58.5;8443;FGT60D4613002395;v5.2.11;;05.04.2018;52.0026;unknown;False;;None;None;None;None
Wohnheim Schmetterling-01;82.136.112.117;8443;FGT60C3G10025349;v5.2.11;;09.01.2018;53.00273;unknown;False;;None;None;None;None
Wohnheim Schmetterling-02;46.14.86.82;8443;FGT60C3G11030008;v5.2.11;;08.01.2018;24.00916;unknown;False;;Schmetterling;ap02;FP221C3X14000410;FP221C-v5.2-build638
Wohnheim Schmetterling-02;46.14.86.82;8443;FGT60C3G11030008;v5.2.11;;08.01.2018;24.00916;unknown;False;;Schmetterling;ap02;FP221C3X14000410;FP221C-v5.2-build638
African Greenland Safaris Travel GmbH;213.200.236.182;8443;FGT40C3912013440;v5.2.12;;22.09.2018;53.00277;unknown;False;;AFGR_WORK,AFGR_GUEST;ACPAFGR-FORT-02,ACPAFGR-FORT-01;FP221C3X16008643,FP221C3X16008677;FP221C-v5.2-build0262,FP221C-v5.2-build0262
Kantonales Sozialamt Asyl (Dorfring);213.3.24.138;8443;FGT60D4613003811;v5.2.12;;25.07.2017;16.0056;unknown;False;;zg-dorfring;ap-zg-dr-01,ap-zg-dr-02,ap-zg-dr-03;FP221B3X13006639,FP221B3X13006761,FP221B3X13007041;FP221B-v5.2-build0245,FP221B-v5.2-build0245,FP221B-v5.2-build0245
VIC CNHK09;223.255.153.26;8443;FGT60C3G10020992;v5.2.12;;02.10.2019;53.00289;unknown;False;;None;None;None;None
VIC de-wa-fw001;80.149.239.74;8443;FGT60C3G10012257;v5.2.12;;06.11.2015;16.0056;unknown;False;;None;None;None;None
VIC DESHNM;213.148.157.15;8443;FGT60C3G12004265;v5.2.12;;02.01.2018;53.00289;unknown;False;;None;None;None;None
VIC USNYSO;108.12.156.66;8443;FGT60C3G12016349;v5.2.12;;01.01.2018;53.0028;unknown;False;;None;None;None;None
Anderhub Druck-Service AG;212.4.72.122;8443;FG100D3G13803664;v5.2.3;;14.05.2018;53.00277;unknown;False;;AH-Internet,AH-GUEST,AH-SDVC,AH;ap01-buero,ap02-buero;FP221B3X13006882,FP221B3X13006967;FP221B-v5.2-build0234,FP221B-v5.2-build0234
Claudio Jung;46.14.228.120;8443;FGT60D4614069425;v5.2.3;;15.04.2018;53.00288;unknown;False;;WLCJGAST;FAP221C-CJUNG01;FP221C3X14042674;FP221C-v5.2-build0234
HAWE Hydratec;37.128.178.50;8443;FGT60D4613046264;v5.2.3;;17.12.2016;52.00293;unknown;False;;Guest,Company;FP221C3X14021299,FP221C3X14021741;FP221C3X14021299,FP221C3X14021741;FP221C-v5.2-build0262,FP221C-v5.2-build0262
Hotz & Goldmann;46.14.173.82;8443;FGT60C3G10018395;v5.2.3;;25.01.2017;42.00326;unknown;False;;HG-Gast;ap02-sitzung-gross,ap01-sitzung-klein,ap03-archiv;FP221B3X12000772,FP221B3X12000780,FP221B3X12000991;FP221B-v5.0-build060,FP221B-v5.0-build060,FP221B-v5.0-build060
Jacquemai;188.63.27.80;8443;FGT70D3Z14001448;v5.2.3;;27.05.2018;53.00273;unknown;False;;mmwlan;AP09,AP03,AP02,AP08,AP10,AP04,error,AP01,AP05,AP06,AP07;FP221C3X14027677,FP221C3X15001463,FP221C3X15001737,FP221C3X15001877,FP221C3X15002168,FP221C3X15002172,FP224D3X14001940,FP224D3X14002922,FP321C3X14000237,FP321C3X14000368;FP221C-v5.2-build0238,FP221C-v5.2-build0238,FP221C-v5.2-build0238,FP221C-v5.2-build0238,FP221C-v5.2-build0238,FP224D-v5.2-build0225,FP224D-v5.2-build0225,FP321C-v5.2-build4112,FP321C-v5.2-build4112
Meetinvest;188.63.27.80;8443;FGT70D3Z14001448;v5.2.3;;27.05.2018;53.00273;unknown;False;;mmwlan;AP09,AP03,AP02,AP08,AP10,AP04,error,AP01,AP05,AP06,AP07;FP221C3X14027677,FP221C3X15001463,FP221C3X15001737,FP221C3X15001877,FP221C3X15002168,FP221C3X15002172,FP224D3X14001940,FP224D3X14002922,FP321C3X14000237,FP321C3X14000368;FP221C-v5.2-build0238,FP221C-v5.2-build0238,FP221C-v5.2-build0238,FP221C-v5.2-build0238,FP221C-v5.2-build0238,FP224D-v5.2-build0225,FP224D-v5.2-build0225,FP321C-v5.2-build4112,FP321C-v5.2-build4112
Zimmereigenossenschaft;46.14.167.193;8443;FGT60D4613008325;v5.2.3;;14.05.2018;53.00276;unknown;False;;None;None;None;None
BlochPartner-MedHolding;77.245.191.231;8443;FGT60D4613000001;v5.2.4;;26.03.2018;53.00252;unknown;False;;WL_Guest;FP221C3X14021653;FP221C3X14021653;FP221C-v5.2-build490
Econveris AG;46.14.241.254;8443;FGT60D4613010002;v5.2.4;;28.07.2018;53.00274;unknown;False;;None;None;None;None
GetIt;46.14.170.201;8443;FGT60D4615035630;v5.2.4;;06.11.2017;52.00846;unknown;False;;None;None;None;None
Lambrigger;83.173.206.106;8443;FGT60D4615060039;v5.2.4;;17.04.2018;53.00274;unknown;False;;Gast-LTAG,LTAG-Intern,Gast-CO;FP221B3X13024409;FP221B3X13024409;FP221B-v5.4-build0354
Nowak Engineering;81.221.119.176;8443;FGT60D4615034714;v5.2.4;;19.09.2018;53.00288;unknown;False;;nowak_guest,nowak_intern;nowak-ap01;FAP22B3U12005948;FAP22B-v5.0-build0098
Parkinson;178.174.80.58;8443;FG080D3914003187;v5.2.4;;13.11.2018;53.00288;unknown;False;;None;None;None;None
Stoppani;62.2.126.42;8443;FG100D3G12803305;v5.2.4;;16.08.2018;53.00274;unknown;False;;None;None;None;None
Stuber Transporte;82.136.86.110;8443;FWF60C3G12004569;v5.2.4;;26.03.2016;33.00412;unknown;False;;None;None;None;None
ZL-Hauswart;213.3.51.190;8443;FGT60D4615023192;v5.2.4;;11.09.2018;53.00277;unknown;False;;zl-gast,we;AP01,AP02;FP221C3X15022967,FP221C3X15038645;FP221C-v5.2-build0234,FP221C-v5.2-build0234
Bostadel;212.4.68.26;8443;FG100D3G14815052;v5.2.5;;18.11.2018;53.00276;unknown;False;;wlan-terminal,WL01;FP221C3X14022688,FP221C3X14022699;FP221C3X14022688,FP221C3X14022699;FP221C-v5.2-build490,FP221C-v5.2-build490
Dornier;82.136.105.159;8443;FG100D3G13810084;v5.2.5;;28.08.2018;53.00276;unknown;False;;Dornier;Dornier-AP02,Dornier-AP03,Dornier-AP04,Dornier-AP01;FP221B3X13007478,FP221B3X13007978,FP221B3X13008114,FP221B3X13008116;FP221B-v5.2-build0245,FP221B-v5.2-build0245,FP221B-v5.2-build0245,FP221B-v5.2-build0245
Landis-und-Gyr;213.200.250.234;8443;FGT60D4614005144;v5.2.5;;08.07.2018;53.00274;unknown;False;;None;None;None;None
Maler Matter (ITS4Biz);77.245.183.243;8443;FG080D3915003153;v5.2.5;;17.12.2019;53.00288;unknown;False;;mm-intern,mm-gast;Eingang-Halle-EG,FP221C3X15036806,FP221C3X15036808,Besprechungsraum-Mitte;FP221C3X15025959,FP221C3X15036806,FP221C3X15036808,FP221C3X15036825;FP221C-v5.2-build0245,FP221C-v5.2-build0245,FP221C-v5.2-build0245,FP221C-v5.2-build0245
Present Service;82.136.66.117;8443;FGT92D3G15000108;v5.2.5;;06.12.2018;53.00289;unknown;False;;None;None;None;None
CSF Management;46.14.203.83;8443;FGT60C3G13005805;v5.2.6;;16.02.2015;23.0084;unknown;False;;CSF_Guest;CF privat NAS,WLAN_CSF_Guest;FAP14C3X13005017,FAP14C3X13005068;FAP14C-v5.2-build0254,FAP14C-v5.2-build0254
Delta Garage;178.174.14.194;8443;FGT60D4613060701;v5.2.6;;14.04.2019;53.00273;unknown;False;;None;None;None;None
Delta Garage;178.174.14.194;8443;FGT60D4613060701;v5.2.6;;14.04.2019;53.00273;unknown;False;;None;None;None;None
Rietiker Home;85.4.235.93;8443;FG080D3915003200;v5.2.6;;23.02.2019;53.00288;unknown;False;;WLANRietiker;AP01,AP02,error;FP221C3X15039619,FP221C3X15039620;FP221C-v5.2-build0254
Techem;194.209.255.177;8443;FGT5HD3915805204;v5.2.6;;11.03.2018;53.00289;unknown;False;;techem-lan,techem-guest,techem-guest+;FP221B3X13007509,FP221B3X13007884;FP221B3X13007509,FP221B3X13007884;FP221B-v5.2-build0254,FP221B-v5.2-build0254
Vertiqal;158.181.126.47;8443;FGT60D4614053450;v5.2.6;;29.01.2018;53.00276;unknown;False;;verti-wlan;AP-01;FP221C3X14034796;FP221C-v5.2-build0225
ZSV;213.3.8.117;8443;FGT70D3Z15002232;v5.2.6;;10.03.2021;53.00274;unknown;False;;zsv-intern,zsv-guest;AP01,AP02;FP221C3X15038429,FP221C3X15038547;FP221C-v5.2-build0254,FP221C-v5.2-build0254
Cube development gmbh;81.63.184.188;8443;FGT60D4613058991;v5.2.7;;05.07.2018;53.00273;unknown;False;;None;None;None;None
Laubi Innovent AG (ITS4Biz);31.11.10.104;8443;FWF60D4613007861;v5.2.7;;05.11.2018;53.00276;unknown;False;;None;None;None;None
Steimle (firma);46.14.121.42;8443;FGT92D3G16001379;v5.2.7;;14.05.2018;53.00275;unknown;False;;Steimle;FAP223C-Sitzungszimmer,FAP223C-Gang,FAP223C-Holz,FAP223C-Produktion;FP223C3X15001592,FP223C3X15002197,FP223C3X15002213,FP223C3X15002223;FP223C-v5.2-build0245,FP223C-v5.2-build0245,FP223C-v5.2-build0245,FP223C-v5.2-build0245
Steinmann Haustechnik (ITS4Biz);92.105.88.10;8443;FWF40C3912005871;v5.2.7;;08.04.2018;28.00977;unknown;False;;None;None;None;None
Weber-Vonesch Zug;195.49.35.74;8443;FGT60D4614014187;v5.2.7;;06.08.2015;33.00746;unknown;False;;None;None;None;None
ABS Personal;82.136.65.146;8443;FG080D3914001340;v5.2.8;;15.07.2017;50.00217;unknown;False;;;FAP SG,FAP Bern;FAP14C3X14003229,FAP14C3X14003300;FAP14C-v5.2-build0262,FAP14C-v5.2-build0262
Gallo AG Abtwil;62.167.5.5;8443;FGT30D3X15014715;v5.2.8;;10.10.2018;53.00286;unknown;False;;;FP320B3X12000087,error;FP320B3X12000087;
Gallo AG Bussy;62.167.3.190;8443;FGT60D4615035238;v5.2.8;;09.10.2018;53.00276;unknown;False;;None;None;None;None
Gallo AG Hünenberg;212.4.71.114;8443;FG100D3G15813303;v5.2.8;;09.10.2018;53.00275;unknown;False;;gallo-gast;AP-001,AP-002;FP221C3X16008727,FP221C3X16034067;FP221C-v5.2-build0262,FP221C-v5.2-build0262
Gallo AG Tessin;194.230.106.199;8443;FGT60D4615036679;v5.2.8;;09.10.2018;53.00274;unknown;False;;None;None;None;None
Gallo AG Zürich;195.112.78.213;8443;FGT60D4615034306;v5.2.8;;09.10.2018;53.00276;unknown;False;;None;None;None;None
Blinker;82.136.112.58;8443;FGT60C3G12008559;v5.2.9;;06.09.2018;53.00274;unknown;False;;the'blinker wlan;AP01;FP221C3X15038443;FP221C-v5.2-build0262
Sintakt;62.202.38.70;8443;FGT60D4614079275;v5.2.9;;22.06.2019;53.00288;unknown;False;;wlan-sintakt,wlan-guest;AP01;FP221C3X16036294;FP221C-v5.2-build0254
Steinmann Haustechnik (ITS4Biz);46.14.196.246;8443;FGT60D4613002474;v5.2.9;;18.04.2018;53.00288;unknown;False;;steinmann,steinmann-guest;FP221C3X15039639,FP221C3X15039654;FP221C3X15039639,FP221C3X15039654;FP221C-v5.2-build0234,FP221C-v5.2-build0234
Aquamare;95.152.70.19;8443;FWF60D4615018157;v5.4.0;19.02.2019;19.02.2019;53.00275;False;True;;None;None;None;None
CFOxpert;95.152.70.19;8443;FWF60D4615018157;v5.4.0;19.02.2019;19.02.2019;53.00275;False;True;;None;None;None;None
Klaus Architekten;46.14.23.58;8443;FGT50E3U15000656;v5.4.0;09.02.2019;09.02.2019;53.00289;False;True;;None;None;None;None
Roesselet;83.173.193.149;8443;FWF50E3U15000595;v5.4.0;01.05.2019;01.05.2019;53.00289;False;True;;None;None;None;None
TCO;95.152.70.19;8443;FWF60D4615018157;v5.4.0;19.02.2019;19.02.2019;53.00275;False;True;;None;None;None;None
Wascosa;46.126.71.213;8443;FG080D3915003389;v5.4.0;17.02.2019;17.02.2019;53.00288;False;True;;None;None;None;None
Comconsult-Huber;46.126.43.52;8443;FWF60D4614012820;v5.4.1;18.02.2018;18.02.2018;53.00277;False;True;;None;None;None;None
Comconsult-Peter;83.78.62.16;8443;FWF60D4614013240;v5.4.1;18.02.2018;18.02.2018;53.00273;False;True;;petkues;tp-ap02,tp-ap01;FP221C3X15013592,FP221C3X15014383;FP221C-v5.4-build0339,FP221C-v5.4-build0339
Gallo AG Interlaken;194.230.107.156;8443;FGT30E3U16003359;v5.4.1;21.09.2019;21.09.2019;53.00289;False;True;;None;None;None;None
Comconsult-Werder;77.56.63.207;8443;FWF60D4614012617;v5.4.2;18.02.2018;18.02.2018;53.00277;False;True;;None;None;None;None
Hummel & Meyer AG (ITS4Biz);62.202.55.178;8443;FGT60E4Q16005408;v5.4.2;13.09.2019;13.09.2019;53.00289;False;False;;None;None;None;None
Lush;178.174.80.54;8443;FGT60D4613023678;v5.4.2;05.05.2018;05.05.2018;45.00759;False;True;;None;None;None;None
AFL;178.174.79.158;8443;FGT60E4Q16017572;v5.4.3;15.12.2021;09.12.2016;1;False;True;;afl-gast,afl-intern;AP01;FP221C3X16046005;FP221C-v5.4-build0354
CMT;109.164.200.46;8443;FGT60D4615032297;v5.4.3;12.09.2018;12.09.2018;53.00285;False;True;;None;None;None;None
de la cruz beranek;213.180.175.206;8443;FGT60E4Q16023416;v5.4.3;14.02.2022;14.02.2022;53.00289;False;True;;None;None;None;None
Impuls Ibach;81.92.109.38;8443;FG100D3G12808156;v5.4.3;24.11.2018;24.11.2018;53.00277;False;True;;None;None;None;None
Impuls Lachen;194.209.190.242;8443;FG100D3G12808018;v5.4.3;24.11.2018;24.11.2018;53.00273;False;True;;Impuls-Public;la-ap-002,la-ap-003,la-ap-001;FP221C3X14042584,FP221C3X14042602,FP221C3X14042609;FP221C-v5.2-build0225,FP221C-v5.2-build0225,FP221C-v5.2-build0225
Nussbaumer Holzbau;83.173.240.42;8443;FGT70D3Z15001036;v5.4.3;06.10.2018;06.10.2018;53.00275;False;True;;wlan-intern,wlan-public;FAP01;FP221C3X16008727;FP221C-v5.4-build0371
PacoWeiss;212.90.207.102;8443;FGT60D4614041339;v5.4.3;22.12.2018;22.12.2018;53.00273;False;True;;wl01;FP221C3X15004141;FP221C3X15004141;FP221C-v5.2-build0245
Schneitter AG (ITS4Biz);95.143.57.126;8443;FGT60E4Q16017908;v5.4.3;24.12.2019;24.12.2019;53.00289;False;True;;None;None;None;None
Schule-Gemeinde Oberägeri;212.4.68.158;8443;FG240D4Q16801140;v5.4.3;05.08.2018;05.08.2018;53.00274;False;False;;None;None;None;None
Schule-Gemeinde Oberägeri;82.136.116.119;8443;FG240D4Q16801140;v5.4.3;05.08.2018;05.08.2018;53.00274;False;False;;None;None;None;None
Schule-Gemeinde Oberägeri;78.110.141.198;8443;FG240D4Q16801140;v5.4.3;05.08.2018;05.08.2018;53.00274;False;False;;None;None;None;None
Aegerihalle Unteraegeri;82.136.116.41;8443;FG080D3915003224;v5.4.4;05.05.2021;05.05.2021;53.00289;False;True;;Hausdienst,Aegerihalle;AP-Foyer-Garderobe,AP-Foyer-Bar,AP-Umkleide-2,AP-Saal-1,AP-Kueche,AP-Buehne,AP-Umkleide-1,AP-Hausdienst,AP-Kleinsaal,AP-Saal-2;FP321C3X15002145,FP321C3X15003019,FP321C3X15003145,FP321C3X15005551,FP321C3X15006483,FP321C3X15006516,FP321C3X15006526,FP321C3X15006529,FP321C3X15006560,FP321C3X15006564;FP321C-v5.4-build0327,FP321C-v5.4-build0339,FP321C-v5.4-build0339,FP321C-v5.4-build0339,FP321C-v5.4-build0339,FP321C-v5.4-build0339,FP321C-v5.4-build0339,FP321C-v5.4-build0339,FP321C-v5.4-build0339,FP321C-v5.4-build0339
Altersheime Baar;77.245.183.186;8443;FG100D3G15812948;v5.4.4;08.07.2018;08.07.2018;53.00289;False;True;;AHB-Smartphone,AHB-Bewohner,AHB-Gast,AHB-Intern;CH-BAR-AP026,CH-BAR-AP003,CH-BAR-AP002,CH-BAR-AP005,CH-BAR-AP001,CH-BAR-AP004,CH-BAR-AP019,CH-BAR-AP022,CH-BAR-AP023,CH-BAR-AP021,CH-BAR-AP020,CH-BAR-AP025,CH-BAR-AP024,CH-BAR-AP010,CH-BAR-AP018,CH-BAR-AP009,CH-BAR-AP013,CH-BAR-AP007,CH-BAR-AP016,CH-BAR-AP011,CH-BAR-AP008,CH-BAR-AP017,CH-BAR-AP006,CH-BAR-AP012,CH-BAR-AP015,CH-BAR-AP014,CH-BAR-AP027,CH-BAR-AP028,CH-BAR-AP030,CH-BAR-AP031,CH-BAR-AP029;FP221C3X14028245,FP221C3X14028314,FP221C3X14028318,FP221C3X14028322,FP221C3X14028323,FP221C3X14028328,FP221C3X15000207,FP221C3X15000212,FP221C3X15000215,FP221C3X15000217,FP221C3X15000218,FP221C3X15000253,FP221C3X15000259,FP221C3X15000326,FP221C3X15000358,FP221C3X15000501,FP221C3X15004716,FP221C3X15005028,FP221C3X15005065,FP221C3X15005068,FP221C3X15005132,FP221C3X15005133,FP221C3X15005134,FP221C3X15005150,FP221C3X15005151,FP221C3X15005157,FP221C3X15013583,FP221C3X16006070,FP221C3X16020698,FP221C3X16039870,FP221C3X16046342;FP221C-v5.4-build0354,FP221C-v5.4-build0354,FP221C-v5.4-build0354,FP221C-v5.4-build0354,FP221C-v5.4-build0354,FP221C-v5.4-build0354,FP221C-v5.4-build0354,FP221C-v5.4-build0354,FP221C-v5.4-build0354,FP221C-v5.4-build0354,FP221C-v5.4-build0354,FP221C-v5.4-build0354,FP221C-v5.4-build0354,FP221C-v5.4-build0354,FP221C-v5.4-build0354,FP221C-v5.4-build0354,FP221C-v5.4-build0354,FP221C-v5.4-build0354,FP221C-v5.4-build0354,FP221C-v5.4-build0354,FP221C-v5.4-build0354,FP221C-v5.4-build0354,FP221C-v5.4-build0354,FP221C-v5.4-build0354,FP221C-v5.4-build0354,FP221C-v5.4-build0354,FP221C-v5.4-build0354,FP221C-v5.4-build0354,FP221C-v5.4-build0354,FP221C-v5.4-build0354,FP221C-v5.4-build0354
Altersheime Baar;109.164.200.22;8443;FG100D3G15812948;v5.4.4;08.07.2018;08.07.2018;53.00289;False;True;;AHB-Smartphone,AHB-Bewohner,AHB-Gast,AHB-Intern;CH-BAR-AP026,CH-BAR-AP003,CH-BAR-AP002,CH-BAR-AP005,CH-BAR-AP001,CH-BAR-AP004,CH-BAR-AP019,CH-BAR-AP022,CH-BAR-AP023,CH-BAR-AP021,CH-BAR-AP020,CH-BAR-AP025,CH-BAR-AP024,CH-BAR-AP010,CH-BAR-AP018,CH-BAR-AP009,CH-BAR-AP013,CH-BAR-AP007,CH-BAR-AP016,CH-BAR-AP011,CH-BAR-AP008,CH-BAR-AP017,CH-BAR-AP006,CH-BAR-AP012,CH-BAR-AP015,CH-BAR-AP014,CH-BAR-AP027,CH-BAR-AP028,CH-BAR-AP030,CH-BAR-AP031,CH-BAR-AP029;FP221C3X14028245,FP221C3X14028314,FP221C3X14028318,FP221C3X14028322,FP221C3X14028323,FP221C3X14028328,FP221C3X15000207,FP221C3X15000212,FP221C3X15000215,FP221C3X15000217,FP221C3X15000218,FP221C3X15000253,FP221C3X15000259,FP221C3X15000326,FP221C3X15000358,FP221C3X15000501,FP221C3X15004716,FP221C3X15005028,FP221C3X15005065,FP221C3X15005068,FP221C3X15005132,FP221C3X15005133,FP221C3X15005134,FP221C3X15005150,FP221C3X15005151,FP221C3X15005157,FP221C3X15013583,FP221C3X16006070,FP221C3X16020698,FP221C3X16039870,FP221C3X16046342;FP221C-v5.4-build0354,FP221C-v5.4-build0354,FP221C-v5.4-build0354,FP221C-v5.4-build0354,FP221C-v5.4-build0354,FP221C-v5.4-build0354,FP221C-v5.4-build0354,FP221C-v5.4-build0354,FP221C-v5.4-build0354,FP221C-v5.4-build0354,FP221C-v5.4-build0354,FP221C-v5.4-build0354,FP221C-v5.4-build0354,FP221C-v5.4-build0354,FP221C-v5.4-build0354,FP221C-v5.4-build0354,FP221C-v5.4-build0354,FP221C-v5.4-build0354,FP221C-v5.4-build0354,FP221C-v5.4-build0354,FP221C-v5.4-build0354,FP221C-v5.4-build0354,FP221C-v5.4-build0354,FP221C-v5.4-build0354,FP221C-v5.4-build0354,FP221C-v5.4-build0354,FP221C-v5.4-build0354,FP221C-v5.4-build0354,FP221C-v5.4-build0354,FP221C-v5.4-build0354,FP221C-v5.4-build0354
Aryzta Food Solutions CH;194.230.65.220;8443;FGT3HD3916806331;v5.4.4;24.12.2017;24.12.2017;53.00289;True;False;;None;None;None;None
Garage Strickler;77.245.183.170;8443;FWF60D4613011339;v5.4.4;10.04.2019;10.04.2019;53.00276;False;True;;Stickler Guest,Strickler;FP221C3X17015480;FP221C3X17015480;FP221C-v5.4-build0363
Hawa;212.243.143.138;8443;FG600C3913803224;v5.4.4;14.03.2018;14.03.2018;53.00289;True;True;;None;None;None;None
Hawa;118.201.61.122;8443;FGT60E4Q16047984;v5.4.4;27.05.2020;27.05.2020;53.00289;True;False;;None;None;None;None
S-TEC;62.202.52.130;8443;FG080D3916003423;v5.4.4;14.07.2020;14.07.2020;53.00274;False;True;;Stecnet,Guestnet;AP03,AP01,AP02,AP04;FP221C3X15007658,FP221C3X15007667,FP221C3X15007668,FP221C3X15007675;FP221C-v5.2-build0238,FP221C-v5.2-build0238,FP221C-v5.2-build0238,FP221C-v5.2-build0238
Schweiger;217.11.37.230;8443;FG100D3G13802444;v5.4.4;24.05.2018;24.05.2018;53.00289;False;True;;None;None;None;None
Shmelev;151.248.142.248;8443;FG100D3G14803502;v5.4.4;08.07.2018;08.07.2018;53.00276;False;True;;WLSHLV;APSHM01,APSHM03,APSHM02;FP221C3X14004649,FP221C3X14004723,FP221C3X14004724;FP221C-v5.4-build0354,FP221C-v5.4-build0354,FP221C-v5.4-build0354
Springfix;62.202.18.156;8443;FGT60E4Q16023528;v5.4.4;29.02.2020;29.02.2020;53.00289;False;True;;None;None;None;None
Steiner Treuhand AG;213.200.235.164;8443;FGT60E4Q16024215;v5.4.4;22.02.2020;22.02.2020;53.00288;False;True;;None;None;None;None
VIC US-MR (Monroe);12.193.207.228;8443;FGT6HD3916805432;v5.4.4;18.01.2022;18.01.2022;53.00289;True;True;;None;None;None;None
VIC US-WO (Wooster Street);205.179.161.116;8443;FGT60E4Q16031104;v5.4.4;18.01.2022;18.01.2022;53.00289;True;True;;None;None;None;None
workfashion.com AG;217.11.36.118;8443;FG100D3G15804692;v5.4.4;18.09.2018;18.09.2018;53.00289;False;True;;wf-gast,wf-int;FP221C3X15014869,FP221C3X15014928,FP221C3X15014945,FP221C3X15014991,FP221C3X15022505,FP221C3X15022530;FP221C3X15014869,FP221C3X15014928,FP221C3X15014945,FP221C3X15014991,FP221C3X15022505,FP221C3X15022530;FP221C-v5.4-build0354,FP221C-v5.4-build0354,FP221C-v5.4-build0354,FP221C-v5.4-build0354,FP221C-v5.4-build0354,FP221C-v5.4-build0354
workfashion.com AG;82.136.122.113;8443;FG100D3G15804692;v5.4.4;18.09.2018;18.09.2018;53.00289;False;True;;wf-gast,wf-int;FP221C3X15014869,FP221C3X15014928,FP221C3X15014945,FP221C3X15014991,FP221C3X15022505,FP221C3X15022530;FP221C3X15014869,FP221C3X15014928,FP221C3X15014945,FP221C3X15014991,FP221C3X15022505,FP221C3X15022530;FP221C-v5.4-build0354,FP221C-v5.4-build0354,FP221C-v5.4-build0354,FP221C-v5.4-build0354,FP221C-v5.4-build0354,FP221C-v5.4-build0354
ZentrumRanft;83.79.107.39;8443;FGT60E4Q16061104;v5.4.4;30.05.2020;30.05.2020;53.00289;False;True;;Guest-zentrumRANFT,data-wlan;FP221C3X17015941;FP221C3X17015941;FP221C-v5.2-build0262
3-Plan Kreuzlingen;84.253.41.242;8443;FG100E4Q17001584;v5.4.5;13.06.2022;13.06.2022;53.00288;True;True;;None;None;None;None
3-Plan Winterthur;213.160.33.146;8443;FG200E4Q17901146;v5.4.5;31.05.2022;31.05.2022;53.00289;True;True;;None;None;None;None
3-Plan Winterthur;46.14.52.210;8443;FG200E4Q17901146;v5.4.5;31.05.2022;31.05.2022;53.00289;True;True;;None;None;None;None
ABUS Schweiz;213.200.255.244;8443;FGT90D3Z16015922;v5.4.5;10.09.2018;10.09.2018;53.00289;False;True;;ABUS Schulung,ABUS Gast,ABUS,intern-handheld;ap01,ap02,ap03;FP221C3X14004710,FP221C3X15014360,FP221C3X15014622;FP221C-v5.4-build0363,FP221C-v5.4-build0363,FP221C-v5.4-build0363
Andy Wickart;212.4.70.50;8443;FG100D3G12811795;v5.4.5;06.02.2018;06.02.2018;53.00277;False;False;;Wickart-Guest,Wickart-LAN;FP221B3X12015724,FP221B3X12016103,FP221B3X13029278,AP Sins;FP221B3X12015724,FP221B3X12016103,FP221B3X13029278,FP221C3X17018117;FP221B-v5.4-build0363,FP221B-v5.4-build0363,FP221B-v5.4-build0363,FP221C-v5.4-build0363
Bertschi AG;194.147.70.10;8443;FGT5HD3914802134;v5.4.5;09.06.2018;09.06.2018;53.00289;True;True;;BGR_Remote,BGR_Staff,BGR_Corp,BGR_Isolated,BGR_Guest,BGR_Open;perrap01 ,duefap05 ,duefap02,duefap03 ,duefap04 ,duefap06 ,duefap17,duefap12,duefap15,duefap16,duefap10,duefap14,duefap13,duefap11,duefap18,birfap03,duefap08 ,duefap20,duefap21,birfap01,duefap09 ,birfap02,duefap19,birfap04,duefap27,duefap28,duefap22,FP221C3X15012317,error,duefap30,duefap29,duefap01,birfap13,birfap00,birfap11,birfap08,error,birfap10,birfap09,birfap12,birfap07,duefap31,duefap24,duefap32,duefap33,duefap23,duefap25,birfap16,duefap34,birfap15,FP221C3X17052175,error,duefap35,duefap26,birfap14,birfap06,birfap05;FAP14C3X13004756,FP221C3X14022616,FP221C3X14022674,FP221C3X14022974,FP221C3X14022977,FP221C3X14035755,FP221C3X15000178,FP221C3X15000200,FP221C3X15000464,FP221C3X15000474,FP221C3X15000580,FP221C3X15000612,FP221C3X15000613,FP221C3X15000617,FP221C3X15001106,FP221C3X15001118,FP221C3X15001155,FP221C3X15001170,FP221C3X15001195,FP221C3X15001196,FP221C3X15001200,FP221C3X15001215,FP221C3X15001230,FP221C3X15001473,FP221C3X15011396,FP221C3X15011409,FP221C3X15012306,FP221C3X15012317,FP221C3X15012325,FP221C3X15012333,FP221C3X16026360,FP221C3X16026363,FP221C3X16029401,FP221C3X16029436,FP221C3X16029453,FP221C3X16029606,FP221C3X16029611,FP221C3X16029614,FP221C3X16029909,FP221C3X17014343,FP221C3X17014828,FP221C3X17014862,FP221C3X17014863,FP221C3X17014867,FP221C3X17014973,FP221C3X17018124,FP221C3X17019889,FP221C3X17026773,FP221C3X17052175,FP222C3X15002818,FP222C3X15003033,FP222C3X16000162,FP222C3X16000325,FP222C3X16000357;FAP14C-v5.4-build0363,FP221C-v5.4-build0363,FP221C-v5.4-build0363,FP221C-v5.4-build0363,FP221C-v5.4-build0363,FP221C-v5.4-build0363,FP221C-v5.4-build0363,FP221C-v5.4-build0363,FP221C-v5.4-build0363,FP221C-v5.4-build0363,FP221C-v5.4-build0363,FP221C-v5.4-build0363,FP221C-v5.4-build0363,FP221C-v5.4-build0363,FP221C-v5.4-build0363,FP221C-v5.4-build0363,FP221C-v5.4-build0363,FP221C-v5.4-build0363,FP221C-v5.4-build0363,FP221C-v5.4-build0363,FP221C-v5.4-build0363,FP221C-v5.4-build0363,FP221C-v5.4-build0363,FP221C-v5.4-build0363,FP221C-v5.4-build0363,FP221C-v5.4-build0363,FP221C-v5.4-build0363,FP221C-v5.4-build0363,FP221C-v5.4-build0363,FP221C-v5.4-build0363,FP221C-v5.4-build0363,FP221C-v5.4-build0363,FP221C-v5.4-build0363,FP221C-v5.4-build0363,FP221C-v5.4-build0363,FP221C-v5.4-build0363,FP221C-v5.4-build0363,FP221C-v5.4-build0363,FP221C-v5.4-build0363,FP221C-v5.4-build0363,FP221C-v5.4-build0363,FP221C-v5.4-build0363,FP221C-v5.4-build0363,FP221C-v5.4-build0363,FP221C-v5.4-build0363,FP221C-v5.4-build0363,FP222C-v5.4-build0363,FP222C-v5.4-build0363,FP222C-v5.4-build0363,FP222C-v5.4-build0363,FP222C-v5.4-build0363
Caminada;194.209.51.194;8443;FG100D3G15804520;v5.4.5;20.08.2020;20.08.2020;53.00289;True;True;;Cam-intern,Cam-guest;MFS-CAMINADA-CH-BAR-AP101,MFS-CAMINADA-CH-BAR-AP102,MFS-CAMINADA-CH-BAR-AP103,MFS-CAMINADA-CH-BAR-AP104,MFS-CAMINADA-CH-BAR-AP105;FP221C3X15014452,FP221C3X15014465,FP221C3X15014678,FP221C3X15014680,FP221C3X15015012;FP221C-v5.2-build0262,FP221C-v5.2-build0262,FP221C-v5.2-build0262,FP221C-v5.2-build0262,FP221C-v5.2-build0262
eff-zett Frauenzentrale;82.136.65.214;8443;FGT90D3Z13000734;v5.4.5;14.02.2019;14.02.2019;0;False;True;;wlan-intern,wlan-trusted,wlan-guest;FP221B3X13025626,FP221B3X13029704,FP221C3X15039505;FP221B3X13025626,FP221B3X13029704,FP221C3X15039505;FP221B-v5.4-build0363,FP221B-v5.4-build0363,FP221C-v5.4-build0363
FFN;217.194.56.113;8443;FOSVM1LRZFHYX92C;v5.4.5;expired;expired;1;True;True;;None;None;None;None
Forma Futura;81.63.146.90;8443;FGT60D4613047155;v5.4.5;15.02.2018;15.02.2018;53.00276;False;True;;None;None;None;None
Forma Futura;213.3.3.177;8443;FGT60D4613047155;v5.4.5;15.02.2018;15.02.2018;53.00276;False;True;;None;None;None;None
Gde. Altdorf;37.128.179.206;8443;FG100D3G13825271;v5.4.5;05.09.2018;05.09.2018;53.00289;True;True;;RS-SISI-02,RS-SISI-01;FAP-SISI-01,FAP-SCHA-02,FAP-BGAL-01,FAP-SCHA-01,FAP-SCHA-04,FAP-SCHA-03,FAP-SCHA-05;FAP14C3X14003929,FAP14C3X14006257,FAP14C3X15000876,FAP14C3X15000880,FAP14C3X17000888,FAP14C3X17000895,FAP14C3X17001486;FAP14C-v5.6-build0467,FAP14C-v5.4-build0354,FAP14C-v5.4-build0354,FAP14C-v5.4-build0354,FAP14C-v5.4-build0363,FAP14C-v5.4-build0354,FAP14C-v5.4-build0363
Gde. Altdorf;213.200.229.95;8443;FGT60D4615070425;v5.4.5;26.11.2018;26.11.2018;53.00289;True;True;;None;None;None;None
Gebr. Baur;213.3.24.178;8443;FGT30D3X15035255;v5.4.5;05.01.2019;14.01.2016;1;False;True;;None;None;None;None
Glaspunkt;62.12.252.173;8443;FGT60D4615093799;v5.4.5;24.03.2019;24.03.2019;53.00289;False;True;;9b12kslb,glaspunkt-guest;AP01;FP221C3X15038619;FP221C-v5.4-build0354
Global Recovery Alliance BAAR;193.104.116.74;8443;FGT60E4Q16050416;v5.4.5;12.04.2022;12.04.2022;53.00289;False;True;;None;None;None;None
Globetrotter;46.140.182.186;8443;FG600C3912801197;v5.4.5;02.07.2018;02.07.2018;53.00289;True;True;;GTS,GTS-guest;wifi-hb1,wifi-hb2,wifi-bsl1,wifi-iso,wifi-gc,wifi-brn2,wifi-brn1,wifi-chr,wifi-thn,wifi-fri,wifi-btz,wifi-olt-schulung,wifi-zrh5,wifi-zrh4,wifi-rap,wifi-bri,wifi-bdn,wifi-aar,wifi-bie,wifi-luz1,wifi-olt,wifi-ila,wifi-zrh1,wifi-zrh3,wifi-stg,wifi-zug,wifi-wth,wifi-bsl2,wifi-zrh1a,wifi-btz2,wifi-luz2,wifi-hb3;FP221B3X12000830,FP221B3X12001037,FP221B3X12012095,FP221B3X12012186,FP221B3X12012226,FP221B3X12012237,FP221B3X12012240,FP221B3X12012293,FP221B3X12012405,FP221B3X12012407,FP221B3X12012410,FP221B3X12012411,FP221B3X12012414,FP221B3X12012421,FP221B3X12012465,FP221B3X12012585,FP221B3X12012638,FP221B3X12012642,FP221B3X12012705,FP221B3X12012706,FP221B3X12012708,FP221B3X12012712,FP221B3X12012739,FP221B3X12012747,FP221B3X12012752,FP221B3X12012760,FP221B3X12012762,FP221B3X14011603,FP221C3X15022438,FP221C3X16015197,FP221C3X16035037,FP221C3X16036144;FP221B-v5.4-build0371,FP221B-v5.4-build0371,FP221B-v5.4-build0371,FP221B-v5.4-build0371,FP221B-v5.4-build0371,FP221B-v5.4-build0371,FP221B-v5.4-build0371,FP221B-v5.4-build0371,FP221B-v5.4-build0371,FP221B-v5.4-build0371,FP221B-v5.4-build0371,FP221B-v5.2-build0234,FP221B-v5.4-build0371,FP221B-v5.4-build0371,FP221B-v5.4-build0371,FP221B-v5.4-build0371,FP221B-v5.4-build0371,FP221B-v5.4-build0371,FP221B-v5.4-build0371,FP221B-v5.4-build0371,FP221B-v5.4-build0371,FP221B-v5.4-build0371,FP221B-v5.4-build0371,FP221B-v5.4-build0371,FP221B-v5.4-build0371,FP221B-v5.4-build0371,FP221B-v5.4-build0371,FP221B-v5.4-build0371,FP221C-v5.4-build0371,FP221C-v5.4-build0371,FP221C-v5.4-build0371,FP221C-v5.4-build0371
Globetrotter;217.192.59.68;8443;FG600C3912801197;v5.4.5;02.07.2018;02.07.2018;53.00289;True;True;;GTS,GTS-guest;wifi-hb1,wifi-hb2,wifi-bsl1,wifi-iso,wifi-gc,wifi-brn2,wifi-brn1,wifi-chr,wifi-thn,wifi-fri,wifi-btz,wifi-olt-schulung,wifi-zrh5,wifi-zrh4,wifi-rap,wifi-bri,wifi-bdn,wifi-aar,wifi-bie,wifi-luz1,wifi-olt,wifi-ila,wifi-zrh1,wifi-zrh3,wifi-stg,wifi-zug,wifi-wth,wifi-bsl2,wifi-zrh1a,wifi-btz2,wifi-luz2,wifi-hb3;FP221B3X12000830,FP221B3X12001037,FP221B3X12012095,FP221B3X12012186,FP221B3X12012226,FP221B3X12012237,FP221B3X12012240,FP221B3X12012293,FP221B3X12012405,FP221B3X12012407,FP221B3X12012410,FP221B3X12012411,FP221B3X12012414,FP221B3X12012421,FP221B3X12012465,FP221B3X12012585,FP221B3X12012638,FP221B3X12012642,FP221B3X12012705,FP221B3X12012706,FP221B3X12012708,FP221B3X12012712,FP221B3X12012739,FP221B3X12012747,FP221B3X12012752,FP221B3X12012760,FP221B3X12012762,FP221B3X14011603,FP221C3X15022438,FP221C3X16015197,FP221C3X16035037,FP221C3X16036144;FP221B-v5.4-build0371,FP221B-v5.4-build0371,FP221B-v5.4-build0371,FP221B-v5.4-build0371,FP221B-v5.4-build0371,FP221B-v5.4-build0371,FP221B-v5.4-build0371,FP221B-v5.4-build0371,FP221B-v5.4-build0371,FP221B-v5.4-build0371,FP221B-v5.4-build0371,FP221B-v5.2-build0234,FP221B-v5.4-build0371,FP221B-v5.4-build0371,FP221B-v5.4-build0371,FP221B-v5.4-build0371,FP221B-v5.4-build0371,FP221B-v5.4-build0371,FP221B-v5.4-build0371,FP221B-v5.4-build0371,FP221B-v5.4-build0371,FP221B-v5.4-build0371,FP221B-v5.4-build0371,FP221B-v5.4-build0371,FP221B-v5.4-build0371,FP221B-v5.4-build0371,FP221B-v5.4-build0371,FP221B-v5.4-build0371,FP221C-v5.4-build0371,FP221C-v5.4-build0371,FP221C-v5.4-build0371,FP221C-v5.4-build0371
Huber Hausherr;178.174.7.150;8443;FGT60D4614005413;v5.4.5;18.06.2018;18.06.2018;53.00277;False;True;;None;None;None;None
ICT-Berufsbildung Zentralschweiz;62.2.142.226;8443;FG100D3G14803312;v5.4.5;10.06.2020;10.06.2020;53.00273;False;False;;ICT-Gast,ICT-Office,ICT-KR3,ICT-KR4,ICT-KR5,ICT-BLJ,ICT-BLJ-time,ICT-KR2;ap-office,ap-kr4,ap-kr3,ap-kr2,ap-blj,ap-kr5;FP320C3X13000098,FP320C3X14003316,FP320C3X14003354,FP320C3X14003637,FP320C3X14012647,FP320C3X14012773;FP320C-v5.4-build0354,FP320C-v5.4-build0354,FP320C-v5.4-build0354,FP320C-v5.4-build0354,FP320C-v5.4-build0354,FP320C-v5.4-build0354
Ineichen AG;62.167.8.187;8443;FGT90D3Z16015926;v5.4.5;02.09.2018;02.09.2018;53.00289;False;True;;ineichen-wlan,ineichen-besucher;AP-EG,AP-WHOF,AP-OG;FP221C3X15014915,FP221C3X15014920,FP221C3X15014992;FP221C-v5.2-build0254,FP221C-v5.2-build0254,FP221C-v5.2-build0254
Interglass;213.200.198.113;8443;FG100D3G12810787;v5.4.5;07.06.2018;07.06.2018;53.00289;False;True;;None;None;None;None
Interglass;82.136.112.55;8443;FG100D3G12810787;v5.4.5;07.06.2018;07.06.2018;53.00289;False;True;;None;None;None;None
Internezzo;212.103.81.210;443;FG100D3G14802560;v5.4.5;17.06.2018;17.06.2018;53.00288;False;False;;internezzo,internezzo-gast;FortiAP-1,FortiAP-2,error;FP221C3X14022782,FP221C3X14022823;FP221C-v5.4-build0354
Internezzo AG;212.103.81.210;443;FG100D3G14802560;v5.4.5;17.06.2018;17.06.2018;53.00288;False;False;;internezzo,internezzo-gast;FortiAP-1,FortiAP-2,error;FP221C3X14022782,FP221C3X14022823;FP221C-v5.4-build0354
ipb Baggenstos Montagen AG;46.14.136.82;8443;FGT60E4Q16095252;v5.4.5;21.09.2018;21.09.2018;53.00276;False;True;;ipb;FP221C3X15035833,FP221C3X17019540;FP221C3X15035833,FP221C3X17019540;FP221C-v5.4-build0363,FP221C-v5.4-build0363
Jegobau;213.200.207.26;8443;FG100D3G13804043;v5.4.5;13.06.2018;13.06.2018;53.00275;False;True;;jego;FP221C3X15012766,FAP1-2,FAP1-1,FP221C3X15012812,FP221C3X15013966,FP221C3X15013984,FP221C3X15014082,FP221C3X15014093,FP221C3X15014117,FP221C3X15014118,FAP2-Bewirtschaftung;FP221C3X15012766,FP221C3X15012782,FP221C3X15012785,FP221C3X15012812,FP221C3X15013966,FP221C3X15013984,FP221C3X15014082,FP221C3X15014093,FP221C3X15014117,FP221C3X15014118,FP221C3X15014128;FP221C-v5.4-build0363,FP221C-v5.4-build0363,FP221C-v5.4-build0363,FP221C-v5.4-build0363,FP221C-v5.4-build0363,FP221C-v5.4-build0363,FP221C-v5.4-build0363,FP221C-v5.4-build0363,FP221C-v5.4-build0363,FP221C-v5.4-build0363,FP221C-v5.4-build0363
KD Zug;83.173.199.154;8443;FG080D3916003512;v5.4.5;10.08.2019;10.08.2019;53.00289;False;True;;KDZT Gast,KDZT;AP04,AP02,AP01,AP03;FP221C3X17008198,FP223C3X15008669,FP223C3X15009262,FP223C3X16003894;FP221C-v5.2-build0262,FP223C-v5.4-build0339,FP223C-v5.4-build0339,FP223C-v5.2-build0254
kelag-huen-matten;213.3.35.61;8443;FGT30E3U17013592;v5.4.5;20.09.2020;23.09.2017;1;False;True;;None;None;None;None
kelag-oaeg-raten;62.202.14.52;8443;FGT30D3X13002904;v5.4.5;26.09.2017;19.09.2014;1;False;False;;None;None;None;None
Ohnsorg;213.3.63.230;8443;FGT70D3Z14000252;v5.4.5;05.05.2018;05.05.2018;53.00276;False;True;;ohnsorg-intern,wlan-guest;FP221C3X15038543;FP221C3X15038543;FP221C-v5.2-build0234
Regimo;82.136.65.7;8443;FGT60E4Q16020915;v5.4.5;14.01.2020;14.01.2020;53.00277;False;False;;regimo;AP01;FP223C3X15001611;FP223C-v5.2-build0245
Schreinerei Brändle;82.136.66.109;8443;FGT60D4614009039;v5.4.5;09.10.2018;09.10.2018;53.00275;False;True;;WLBRA_Gast,WLBRA_1;FAP-01,FAP-02;FP221B3X14004601,FP221B3X14004623;FP221B-v5.4-build0363,FP221B-v5.4-build0363
Schreinerei Leo Baumgartner;62.202.51.162;8443;FG080D3914003119;v5.4.5;10.09.2018;10.09.2018;53.00289;False;True;;sb-data,sb-guest;AP-SB-02,AP-SB-01,AP-SB-03;FP221B3X12007071,FP221B3X12007461,FP221C3X14022759;FP221B-v5.4-build0363,FP221B-v5.4-build0363,FP221C-v5.4-build0363
Schule Neuheim;78.110.141.206;8443;FG100D3G12805142;v5.4.5;29.09.2018;29.09.2018;53.00289;False;True;;SchuleNeuheim,Unterricht,Schule Neuheim Gast;ap01,ap02,ap03,ap04,ap05,ap06,ap07,ap08,ap09,ap15,ap14,ap13,ap12,error,ap11,ap10,ap16,ap17,ap21,ap20,ap19,ap18;FP221C3X14027404,FP221C3X14027657,FP221C3X14027660,FP221C3X14027663,FP221C3X14027664,FP221C3X14027665,FP221C3X14027679,FP221C3X14027681,FP221C3X14027707,FP221C3X15038615,FP221C3X15038622,FP221C3X15038987,FP221C3X15039122,FP221C3X15039124,FP221C3X15039132,FP221C3X16006060,FP221C3X16006466,FP221C3X16030051,FP221C3X16030069,FP221C3X16030103,FP320C3X14012435;FP221C-v5.4-build0354,FP221C-v5.4-build0354,FP221C-v5.4-build0354,FP221C-v5.4-build0354,FP221C-v5.4-build0354,FP221C-v5.4-build0354,FP221C-v5.4-build0354,FP221C-v5.4-build0354,FP221C-v5.4-build0354,FP221C-v5.4-build0354,FP221C-v5.4-build0354,FP221C-v5.4-build0354,FP221C-v5.4-build0354,FP221C-v5.4-build0354,FP221C-v5.4-build0354,FP221C-v5.4-build0354,FP221C-v5.4-build0354,FP221C-v5.4-build0354,FP221C-v5.4-build0354,FP320C-v5.4-build0354
Schule Neuheim;151.248.188.38;8443;FG100D3G12805142;v5.4.5;29.09.2018;29.09.2018;53.00289;False;True;;SchuleNeuheim,Unterricht,Schule Neuheim Gast;ap01,ap02,ap03,ap04,ap05,ap06,ap07,ap08,ap09,ap15,ap14,ap13,ap12,error,ap11,ap10,ap16,ap17,ap21,ap20,ap19,ap18;FP221C3X14027404,FP221C3X14027657,FP221C3X14027660,FP221C3X14027663,FP221C3X14027664,FP221C3X14027665,FP221C3X14027679,FP221C3X14027681,FP221C3X14027707,FP221C3X15038615,FP221C3X15038622,FP221C3X15038987,FP221C3X15039122,FP221C3X15039124,FP221C3X15039132,FP221C3X16006060,FP221C3X16006466,FP221C3X16030051,FP221C3X16030069,FP221C3X16030103,FP320C3X14012435;FP221C-v5.4-build0354,FP221C-v5.4-build0354,FP221C-v5.4-build0354,FP221C-v5.4-build0354,FP221C-v5.4-build0354,FP221C-v5.4-build0354,FP221C-v5.4-build0354,FP221C-v5.4-build0354,FP221C-v5.4-build0354,FP221C-v5.4-build0354,FP221C-v5.4-build0354,FP221C-v5.4-build0354,FP221C-v5.4-build0354,FP221C-v5.4-build0354,FP221C-v5.4-build0354,FP221C-v5.4-build0354,FP221C-v5.4-build0354,FP221C-v5.4-build0354,FP221C-v5.4-build0354,FP320C-v5.4-build0354
SNF;195.176.9.3;8443;FGT5HD3915802322;v5.4.5;13.10.2018;13.10.2018;53.00288;False;True;;None;None;None;None
StadlerForm;82.136.65.89;8443;FG080D3915001444;v5.4.5;13.11.2018;13.11.2018;53.00275;False;True;;SF-guest,SF;FP221C3X15030779;FP221C3X15030779;FP221C-v5.4-build0363
Staerkle;82.136.66.115;8443;FWF60D4Q15032835;v5.4.5;14.09.2018;14.09.2018;53.00276;False;True;;None;None;None;None
TeleZüri;62.2.78.66;8443;FGT5HD3915800293;v5.4.5;26.06.2018;26.06.2018;53.00289;False;True;;None;None;None;None
Wild Group Managegment;82.136.66.129;8443;FGT60D4615009937;v5.4.5;21.10.2018;21.10.2018;53.00289;False;True;;wild-public;ap03,ap02,ap01;FP221C3X16006592,FP221C3X16006623,FP221C3X16006824;FP221C-v5.2-build0262,FP221C-v5.2-build0262,FP221C-v5.2-build0262
Wild Ingenieure;62.202.30.41;8443;FGT70D3Z14003043;v5.4.5;09.06.2018;09.06.2018;53.00276;False;True;;None;None;None;None
Bantleon;79.253.34.48;8443;FGT60D4614080838;v5.4.6;02.06.2020;02.06.2020;53.00274;True;True;;bantleonwlan;FP221C3X14027661;FP221C3X14027661;FP221C-v5.4-build0371
Bantleon;188.192.179.88;8443;FGT60E4Q16095624;v5.4.6;16.09.2022;16.09.2022;53.00277;True;True;;bantleonwlan;FP221C3X14027661,error,FP221C3X17041090;FP221C3X14027661,FP221C3X17041090;FP221C-v5.4-build0371
Comconsult;109.164.233.22;8443;FGT70D3Z14000224;v5.4.6;28.11.2018;28.11.2018;53.00289;False;True;;wlan_guest,wlan_intern;ap01;FP221C3X14037630;FP221C-v5.4-build0371
Consor;83.173.220.33;8443;FGT60E4Q16018499;v5.4.6;expired;23.12.2017;1;False;True;;None;None;None;None
DBU;213.3.60.66;8443;FG100D3G12810132;v5.4.6;01.01.2019;01.01.2019;53.00289;False;True;;DBU Gast,DBU;OG3,OG2,OG1;FP221B3X13017839,FP221B3X13017896,FP221B3X13017937;FP221B-v5.4-build0371,FP221B-v5.4-build0371,FP221B-v5.4-build0371
Doku Zug;212.4.71.18;8443;FGT70D3Z14002977;v5.4.6;02.07.2018;02.07.2018;53.00274;False;True;;doku-gast,doku-intern;ap02-klein,ap03-leseraum,ap01-eingang;FP221B3X13006714,FP221B3X13006868,FP221B3X13006929;FP221B-v5.4-build0371,FP221B-v5.4-build0371,FP221B-v5.4-build0371
KADI AG;212.243.156.114;8443;FG240D3913801611;v5.4.6;02.04.2018;02.04.2018;53.00289;False;False;;kadi-intern,kadi-guest;AP01,AP03,AP04,AP02,AP05,error;FP221C3X14022614,FP221C3X16022374,FP221C3X16022457,FP221C3X16029323,FP221C3X17023053;FP221C-v5.4-build0371,FP221C-v5.4-build0371,FP221C-v5.4-build0371,FP221C-v5.4-build0371
Reichlin Hess AG;46.14.207.186;8443;FGT60E4Q16009332;v5.4.6;04.12.2019;04.12.2019;53.00289;False;True;;RH-Visitors,RH-Tenant,RH;AP-02-1OG,AP-01-EG,AP-03-2OG;FP221C3X16035952,FP221C3X16036163,FP223C3X16003857;FP221C-v5.4-build0371,FP221C-v5.4-build0371,FP223C-v5.4-build0371
SI Schwarz Investments AG;82.136.65.60;8443;FGT60D4613008997;v5.4.6;13.07.2019;13.07.2019;53.00277;False;True;;None;None;None;None
SSTTBV;194.42.89.241;8443;FGT1KC3912801903;v5.4.6;23.05.2018;23.05.2018;53.00289;True;True;;None;None;None;None
SSTTBV;85.172.11.140;8443;FG100D3G12802216;v5.4.6;10.02.2018;10.02.2018;53.00274;True;True;;None;None;None;None
SSTTBV;194.42.89.177;8443;FGT6HD3916805719;v5.4.6;06.05.2022;06.05.2022;53.00289;True;True;;None;None;None;None
SSTTBV;46.18.205.206;8443;FGT60E4Q16024514;v5.4.6;25.04.2022;25.04.2022;53.00289;True;True;;None;None;None;None
SSTTBV;194.42.89.250;8443;FG800C3912801620;v5.4.6;23.05.2018;23.05.2018;53.00289;True;True;;None;None;None;None
SSTTBV;95.158.170.58;8443;FWF60E4Q16007182;v5.4.6;30.03.2022;30.03.2022;53.00288;True;True;;None;None;None;None
Swissepi;212.51.138.177;8443;FGT6HD3916800200;v5.4.6;19.08.2021;19.08.2021;53.00289;True;True;;None;None;None;None
Swissepi;157.161.64.66;8443;FGT6HD3916800200;v5.4.6;19.08.2021;19.08.2021;53.00289;True;True;;None;None;None;None
VIC (carl elsener home);37.209.183.40;8443;FGT60D4613061038;v5.4.6;02.01.2020;02.01.2020;53.00274;True;True;;mythen;FAP24D3X15000975,AP-02-UG1,AP-01-OG2,FP221C3X15020398;FAP24D3X15000975,FP221C3X14000375,FP221C3X14000413,FP221C3X15020398;FAP24D-v5.4-build0339,FP221C-v5.2-build475,FP221C-v5.2-build475,FP221C-v5.4-build0354
VIC DENWCO;87.234.35.222;8443;FGT60D4Q15013734;v5.4.6;19.02.2019;19.02.2019;53.00289;True;True;;None;None;None;None
VIC JP-TO (Tokyo);39.110.217.217;8443;FGT3HD3917801447;v5.4.6;12.07.2022;12.07.2022;53.00289;True;True;;None;None;None;None
VIC MX-BH (Barranca Honda);201.161.36.34;8443;FGT60E4Q16078447;v5.4.6;18.04.2022;18.04.2022;53.00288;True;True;;None;None;None;None
VIC MX-DF (Distrito Federal);201.156.11.69;8443;FGT60E4Q16078452;v5.4.6;18.04.2022;18.04.2022;53.0029;True;True;;None;None;None;None
VIC NLLIRO;46.44.157.129;8443;FGT60D4613000925;v5.4.6;02.01.2019;02.01.2019;53.00274;True;True;;None;None;None;None
Victorinox Ibach;194.209.117.132;8443;FG1K2D3I15800074;v5.4.6;23.09.2020;23.09.2020;53.00289;True;True;;None;None;None;None
Wascosa;178.174.72.122;8443;FG100D3G13824783;v5.4.6;23.11.2018;23.11.2018;53.00289;False;True;;WWASCOSA,WASCG;ap-03,ap-01,ap-02;FP221C3X16036141,FP221C3X16036151,FP221C3X16036156;FP221C-v5.4-build0363,FP221C-v5.4-build0363,FP221C-v5.4-build0363
Wascosa;212.103.72.130;8443;FGT70D3Z15002967;v5.4.6;21.08.2019;21.08.2019;53.00289;False;True;;None;None;None;None
Wockhardt Bio AG;81.63.173.33;8443;FG100D3G13802270;v5.4.6;27.04.2018;27.04.2018;53.00289;False;True;;Guest,Staff;ap04-kitchen,ap03-management,ap02-large-office,ap01-meeting-room;FP221B3X12012402,FP221B3X12012709,FP221B3X13007610,FP221B3X13007976;FP221B-v5.4-build0363,FP221B-v5.4-build0363,FP221B-v5.4-build0363,FP221B-v5.4-build0363
Beck Roof Consulting;5.144.15.161;8443;FGT50E3U17008603;v5.6.0;07.06.2020;07.06.2020;53.00274;False;False;;None;None;None;None
Easymonitoring AG;77.245.183.229;8443;FGT60E4Q16061254;v5.6.1;27.06.2020;22.06.2017;1;False;False;;None;None;None;None
Eltaver;178.174.3.150;8443;FGT60E4Q16058368;v5.6.1;06.08.2020;06.08.2020;53.00289;False;False;;eltaver-gast,eltaver-intern;AP01;FP221C3X17036043;FP221C-v5.6-build0467
FFN;185.75.154.2;8443;FG240D3913801758;v5.6.1;21.02.2018;21.02.2018;53.00289;False;False;;None;None;None;None
Bodyworx Rotkreuz;82.136.120.182;8443;FGT50E3U17018334;v5.6.2;03.10.2020;03.10.2020;53.00289;False;False;;None;None;None;None
BurgZug;212.4.94.131;8443;FG100D3G13810178;v5.6.2;29.07.2019;29.07.2019;53.00289;False;False;;burg-net,burg-gast;ap01-E.2-1,ap02-O2.28-1,ap03-U2.4-4,ap04-E.1-9,ap05-U2.4-3,ap07-O3.33-4,ap08-O4.50-5,ap09-O4.50-5,ap06-O1.16-1;FP221B3X13007833,FP221B3X13007836,FP221B3X13007842,FP221B3X13008162,FP221B3X13008177,FP221B3X13008377,FP221B3X13008406,FP221B3X13008407,FP221B3X13008423;FP221B-v5.4-build0363,FP221B-v5.4-build0363,FP221B-v5.4-build0363,FP221B-v5.4-build0363,FP221B-v5.4-build0363,FP221B-v5.4-build0363,FP221B-v5.4-build0363,FP221B-v5.4-build0363,FP221B-v5.4-build0363
Geozug AG;80.254.174.113;8443;FG100D3G14815232;v5.6.2;26.11.2018;26.11.2018;53.00274;False;False;;None;None;None;None
Kantonales Sozialamt Asyl (Artherstrasse);82.136.65.104;8443;FG100D3G12810109;v5.6.2;unavailable;unavailable;45.00098;False;False;;zg-artherstrasse_low,zg-artherstrasse;ap-asyl-09,ap-asyl-08,ap-asyl-07,ap-asyl-06,ap-asyl-05,ap-asyl-01,ap-asyl-02,ap-asyl-03,ap-asyl-04,ap-asyl-19,ap-asyl-13,ap-asyl-18,ap-asyl-20,ap-asyl-14,ap-asyl-21,ap-asyl-17,ap-asyl-16,ap-asyl-10,ap-asyl-15,ap-asyl-11,ap-asyl-12,ap-asyl-24,ap-asyl-25,ap-asyl-22,ap-asyl-23;FP221B3X12016184,FP221B3X12016191,FP221B3X12016192,FP221B3X12016222,FP221B3X12016227,FP221B3X12016233,FP221B3X12016234,FP221B3X12016242,FP221B3X12016255,FP221C3X15021059,FP221C3X15021184,FP221C3X15021193,FP221C3X15021195,FP221C3X15021207,FP221C3X15021336,FP221C3X16008444,FP221C3X16008501,FP221C3X16008573,FP221C3X16008589,FP221C3X16008726,FP221C3X16008743,FP221C3X16013434,FP221C3X16013477,FP221C3X16013693,FP221C3X16014218;FP221B-v5.4-build0371,FP221B-v5.4-build0371,FP221B-v5.4-build0371,FP221B-v5.4-build0371,FP221B-v5.4-build0371,FP221B-v5.4-build0371,FP221B-v5.4-build0371,FP221B-v5.4-build0371,FP221B-v5.4-build0371,FP221C-v5.6-build0476,FP221C-v5.6-build0476,FP221C-v5.6-build0476,FP221C-v5.6-build0476,FP221C-v5.6-build0476,FP221C-v5.6-build0476,FP221C-v5.6-build0476,FP221C-v5.6-build0476,FP221C-v5.6-build0476,FP221C-v5.6-build0476,FP221C-v5.6-build0476,FP221C-v5.6-build0476,FP221C-v5.6-build0476,FP221C-v5.6-build0476,FP221C-v5.6-build0476,FP221C-v5.6-build0476
mayer+cie;46.14.60.150;8443;FGT60E4Q16037030;v5.6.2;27.04.2020;27.04.2020;53.00289;False;False;;None;None;None;None
Möbelfarik Bläuer;83.150.1.219;8443;FGT60D4614031325;v5.6.2;31.10.2017;31.10.2017;52.00684;False;False;;None;None;None;None
PacoWeiss Walchwi;81.62.43.249;8443;FGT50E3U16026439;v5.6.2;26.08.2020;26.08.2020;53.00286;False;False;;None;None;None;None
ProArbeit Zug;46.14.127.74;8443;FGT60E4Q16024430;v5.6.2;10.03.2020;10.03.2020;53.00289;False;False;;PA-Intern,PA-Kurs,PA-Gast;AP01,AP03,AP06,AP05,AP02,AP04;FP221C3X16052573,FP221C3X16055991,FP221C3X17019555,FP221C3X17019850,FP223C3X16006717,FP223C3X16006727;FP221C-v5.6-build0476,FP221C-v5.6-build0476,FP221C-v5.6-build0476,FP221C-v5.6-build0476,FP223C-v5.6-build0476,FP223C-v5.6-build0476
Stone Estate Swiss AG;178.174.28.198;8443;FGT60E4Q17001951;v5.6.2;04.11.2022;04.11.2022;53.00289;False;False;;odysseus,stone_guest,odysseus_guest,stone;AP01,AP02;FP221E3X17000007,FP221E3X17000017;FP221E-v5.4-build4137,FP221E-v5.4-build4137
Advo-Trust;109.164.195.98;8443;;;;;;False;False;;;;;
AGZ Ziegelein AG;212.243.183.39;3443;;;;;;False;False;;;;;
Alfred Müller Christoph Mueller Privat;151.248.189.77;8443;;;;;;False;False;;;;;
Alfred-Müller;77.245.183.208;8443;;;;;;False;False;;;;;
Alfred-Müller;195.176.135.50;8443;;;;;;False;False;;;;;
Alfred-Müller;192.168.109.40;443;;;;;;False;False;;;;;
Alois Herzog AG (IT4Biz);62.202.17.212;8443;;;;;;False;False;;;;;
ALSO MSS;10.43.1.1;8443;;;;;;False;False;;;;;
Amphora;82.136.65.75;8443;;;;;;False;False;;;;;
Anderhub Peter (Home);82.136.110.185;8443;;;;;;False;False;;;;;
AOT;195.65.172.34;8443;;;;;;False;False;;;;;
AOT;195.65.18.194;8443;;;;;;False;False;;;;;
AOT;82.136.113.55;8443;;;;;;False;False;;;;;
AOT;85.232.242.181;8443;;;;;;False;False;;;;;
Arisco Adligenswil;10.14.103.2;8443;;;;;;False;False;;;;;
Arisco Egg;10.14.109.2;8443;;;;;;False;False;;;;;
Arisco Herisau;10.14.105.2;8443;;;;;;False;False;;;;;
Arisco Zug;10.14.104.2;8443;;;;;;False;False;;;;;
Arisco Zürich;10.14.107.2;8443;;;;;;False;False;;;;;
Arvest;212.25.24.137;8443;;;;;;False;False;;;;;
Arvest;212.25.30.17;8443;;;;;;False;False;;;;;
Aryzta Food Solutions CH;84.253.37.69;8443;;;;;;False;False;;;;;
Aryzta Food Solutions DE;195.145.125.36;8443;;;;;;False;False;;;;;
Aryzta Food Solutions DE;217.89.65.252;8443;;;;;;False;False;;;;;
Asrom (Rolf Müller);158.181.107.59;8443;;;;;;False;False;;;;;
Aurigavision;109.164.245.217;8443;;;;;;False;False;;;;;
Auto Wild Kriens;10.20.102.1;8443;;;;;;False;False;;;;;
Auto Wild Sihlbrugg;10.20.104.1;8443;;;;;;False;False;;;;;
Axapha;77.245.191.179;8443;;;;;;False;False;;;;;
Axapha;109.164.225.153;8443;;;;;;False;False;;;;;
Bachmann und Partner;82.136.65.23;8443;;;;;;False;False;;;;;
Bachmann und Partner;82.136.109.138;8443;;;;;;False;False;;;;;
Bachmann und Partner;81.62.238.206;8443;;;;;;False;False;;;;;
Ballonbox;195.141.164.70;8443;;;;;;False;False;;;;;
Bantleon;91.22.183.230;8443;;;;;;False;False;;;;;
Bantleon;212.23.229.2;8443;;;;;;False;False;;;;;
Bantleon;62.192.6.170;8443;;;;;;False;False;;;;;
Bibliothek Unterägeri;82.136.115.170;8443;;;;;;False;False;;;;;
Biopartners;213.180.161.178;8443;;;;;;False;False;;;;;
Blattmann & Partner;212.59.162.19;8443;;;;;;False;False;;;;;
BlochPartner-MedHolding;62.12.169.202;8443;;;;;;False;False;;;;;
BSC Home;213.55.184.208;8443;;;;;;False;False;;;;;
BueroAG;212.23.225.2;8443;;;;;;False;False;;;;;
BueroAG;82.136.66.11;8443;;;;;;False;False;;;;;
Burri & Lötscher AG (ITS4Biz);213.200.229.43;8443;;;;;;False;False;;;;;
Butti Baumeister;193.135.144.146;8443;;;;;;False;False;;;;;
Capital ;217.194.61.79;8443;;;;;;False;False;;;;;
Carecon;84.75.44.105;8443;;;;;;False;False;;;;;
Centralgarage Binzegger;77.245.183.224;8443;;;;;;False;False;;;;;
Chakroun;151.248.158.245;8443;;;;;;False;False;;;;;
CMI Partner;62.202.13.49;443;;;;;;False;False;;;;;
Comconsult-Heller;213.3.24.225;8443;;;;;;False;False;;;;;
Egli Rohr;46.14.74.186;8443;;;;;;False;False;;;;;
Euroclear;46.14.209.30;8443;;;;;;False;False;;;;;
FFN;172.29.1.70;8443;;;;;;False;False;;;;;
FFN;84.75.9.169;8443;;;;;;False;False;;;;;
FFN;217.194.62.220;443;;;;;;False;False;;;;;
FFN - Inet UC;95.152.118.143;8443;;;;;;False;False;;;;;
Fidfinvest;81.62.16.128;8443;;;;;;False;False;;;;;
Fiscom Consulting;213.200.210.42;8443;;;;;;False;False;;;;;
Future Finance;62.202.17.161;8443;;;;;;False;False;;;;;
G&S Personalberatung ;81.62.12.150;8443;;;;;;False;False;;;;;
Gallo AG Hünenberg;195.112.78.210;8443;;;;;;False;False;;;;;
Gde. Altdorf;10.43.202.254;20443;;;;;;False;False;;;;;
Gde. Altdorf;10.43.204.254;8443;;;;;;False;False;;;;;
Gde. Altdorf;10.43.215.98;8443;;;;;;False;False;;;;;
Gde. Unterägeri Bibliothek;158.181.108.73;8443;;;;;;False;False;;;;;
Gebr. Baur;46.140.127.70;8443;;;;;;False;False;;;;;
Global Recovery Alliance MIAMI;192.168.105.1;8443;;;;;;False;False;;;;;
Globetrotter;109.164.239.92;8443;;;;;;False;False;;;;;
Globetrotter;62.12.160.214;8443;;;;;;False;False;;;;;
Globetrotter;83.150.6.41;8443;;;;;;False;False;;;;;
Globetrotter;46.14.255.170;8443;;;;;;False;False;;;;;
Globetrotter;195.226.23.31;8443;;;;;;False;False;;;;;
Goodlooking;195.49.105.66;8443;;;;;;False;False;;;;;
Greenwood HomeOffice;192.168.1.103;8443;;;;;;False;False;;;;;
Grimcon (Rolf Graf);81.63.153.217;8443;;;;;;False;False;;;;;
Götte Optik;46.14.239.13;8443;;;;;;False;False;;;;;
Hadicon;212.90.220.226;8443;;;;;;False;False;;;;;
Halter;10.254.0.22;81;;;;;;False;False;;;;;
Hawa;10.2.1.1;8443;;;;;;False;False;;;;;
Hawa;216.215.106.82;443;;;;;;False;False;;;;;
Hawa;86.98.24.75;443;;;;;;False;False;;;;;
Heinrich Kübler Baar;212.4.67.242;8443;;;;;;False;False;;;;;
Heinrich Kübler Eberbach;10.201.225.1;8443;;;;;;False;False;;;;;
Heinrich Kübler Grossaitingen;10.202.225.1;8443;;;;;;False;False;;;;;
Heinrich Kübler Neuheim;82.136.79.183;8443;;;;;;False;False;;;;;
Herrmann Bau;46.14.234.9;8443;;;;;;False;False;;;;;
Herzog Optik;213.3.41.35;8443;;;;;;False;False;;;;;
HMZ;83.173.201.61;8443;;;;;;False;False;;;;;
IKO Unternehmensberatung;192.168.1.34;8443;;;;;;False;False;;;;;
Immoway;82.136.116.238;8443;;;;;;False;False;;;;;
Immoway;212.4.80.211;8443;;;;;;False;False;;;;;
Ineichen AG;10.250.250.2;8443;;;;;;False;False;;;;;
IneichenDrBeat;85.2.33.147;8443;;;;;;False;False;;;;;
Intigena;46.14.158.28;8443;;;;;;False;False;;;;;
Intigena;213.3.9.75;8443;;;;;;False;False;;;;;
Jakob Müller AG Frick;46.140.124.122;8443;;;;;;False;False;;;;;
Jakob Müller AG Möhlin;81.62.84.148;8443;;;;;;False;False;;;;;
Jakob Müller AG Wankdorf (RZ);164.128.63.212;8443;;;;;;False;False;;;;;
Jego Privat;151.248.146.187;8443;;;;;;False;False;;;;;
Jugi - Werkhof - Feuerwehr - Ökihof Unterägeri;82.136.118.252;8443;;;;;;False;False;;;;;
Jung Beatrice;151.248.189.27;8443;;;;;;False;False;;;;;
Kantonales Sozialamt Asyl (Obermühle);213.3.24.137;8443;;;;;;False;False;;;;;
kelag-steinh-chruezegg;81.63.166.53;8443;;;;;;False;False;;;;;
kelag-steinhausen;62.202.14.68;8443;;;;;;False;False;;;;;
kelag-uaeg-windegg;62.202.15.180;8443;;;;;;False;False;;;;;
Klubschule Luzern KSLU;172.20.2.2;443;;;;;;False;False;;;;;
Klubschule Luzern KSLU;172.20.1.21;443;;;;;;False;False;;;;;
Klubschule Luzern KSLU;172.20.1.22;443;;;;;;False;False;;;;;
Kunsthaus Zug;46.14.37.70;8443;;;;;;False;False;;;;;
Landolt & Mächler;82.136.122.32;8443;;;;;;False;False;;;;;
Landolt & Mächler;172.20.0.167;8443;;;;;;False;False;;;;;
Landolt;213.200.233.6;443;;;;;;False;False;;;;;
Mallar Commodities AG;82.136.74.212;8443;;;;;;False;False;;;;;
Marti Dytan;213.200.206.202;8443;;;;;;False;False;;;;;
Medidata;212.243.92.194;8443;;;;;;False;False;;;;;
Medidata;192.168.65.1;8443;;;;;;False;False;;;;;
Merlé GmbH;212.41.219.201;8443;;;;;;False;False;;;;;
Montana;82.136.108.184;8443;;;;;;False;False;;;;;
MS Service Line;46.14.210.77;8443;;;;;;False;False;;;;;
MSC;62.12.166.162;444;;;;;;False;False;;;;;
Nextmedia;84.253.37.200;8443;;;;;;False;False;;;;;
O'Malley;213.3.46.38;8443;;;;;;False;False;;;;;
OverTheMoon;artpaint.gotdns.com;8080;;;;;;False;False;;;;;
P-4;212.4.68.130;8443;;;;;;False;False;;;;;
Perlen Reinigungen;82.136.96.46;8443;;;;;;False;False;;;;;
Pflegehilfe Stiefele;213.180.180.102;8443;;;;;;False;False;;;;;
PHK Home;212.51.142.168;8443;;;;;;False;False;;;;;
Prime Communications;62.12.134.117;8443;;;;;;False;False;;;;;
Pro Senectute;193.192.234.2;8443;;;;;;False;False;;;;;
PZM;10.34.52.228;8443;;;;;;False;False;;;;;
PZM;10.34.52.229;8443;;;;;;False;False;;;;;
Rahn;82.136.66.198;8443;;;;;;False;False;;;;;
Righi Licht;81.63.131.74;8443;;;;;;False;False;;;;;
S-TEC Sihlbrugg;109.164.214.74;8443;;;;;;False;False;;;;;
Schmidlin AG;82.136.100.45;8443;;;;;;False;False;;;;;
Schmidlin AG;46.14.165.93;8443;;;;;;False;False;;;;;
Schmidlin AG;46.14.165.63;8443;;;;;;False;False;;;;;
Schmidlin AG;83.222.148.49;8443;;;;;;False;False;;;;;
Schulmedia;schulmedia.dyndns.org;443;;;;;;False;False;;;;;
Sehfelder Optik;85.4.78.132;8443;;;;;;False;False;;;;;
SHQA - Swiss Health Quality Association;82.136.66.78;8443;;;;;;False;False;;;;;
SISAG;212.25.15.241;8443;;;;;;False;False;;;;;
SISAG;95.143.48.159;8443;;;;;;False;False;;;;;
SISAG;213.221.155.104;8443;;;;;;False;False;;;;;
SISAG;62.202.45.153;8443;;;;;;False;False;;;;;
Sportmail;151.248.190.41;8443;;;;;;False;False;;;;;
Stadler Treuhand;213.200.225.122;8443;;;;;;False;False;;;;;
Staerkle;82.136.110.45;8443;;;;;;False;False;;;;;
Steimle (privat);213.3.27.128;8443;;;;;;False;False;;;;;
Steiner Treuhand Home;188.61.93.64;8443;;;;;;False;False;;;;;
Steinmann Haustechnik (ITS4Biz);85.2.38.58;8443;;;;;;False;False;;;;;
Stellba;109.164.237.29;8443;;;;;;False;False;;;;;
Stock Spirits;46.14.194.38;8443;;;;;;False;False;;;;;
SwissMerchantGroup;158.181.97.136;8443;;;;;;False;False;;;;;
TeleZüri-Aarau (M1);10.74.0.1;8443;;;;;;False;False;;;;;
TeleZüri-Bern;10.73.0.1;443;;;;;;False;False;;;;;
Tobler Haustechnik;192.168.88.10;8443;;;;;;False;False;;;;;
Tobler Haustechnik;10.90.5.10;8443;;;;;;False;False;;;;;
Tornier AG;194.158.254.107;8443;;;;;;False;False;;;;;
Trans-Auto AG (ITS4Biz);192.168.1.10;8443;;;;;;False;False;;;;;
TransitGas;195.144.38.84;8443;;;;;;False;False;;;;;
VIC CHSZBR;46.14.217.45;8443;;;;;;False;False;;;;;
VIC CNHK02;115.160.171.139;8443;;;;;;False;False;;;;;
VIC CNHK03;115.160.171.154;8443;;;;;;False;False;;;;;
VIC CNHK04;125.214.205.172;8443;;;;;;False;False;;;;;
VIC CNHKAP;210.5.171.11;8443;;;;;;False;False;;;;;
VIC Delemont;217.193.168.210;8443;;;;;;False;False;;;;;
VIC MX-GU (Guadalajara);189.211.186.93;8443;;;;;;False;False;;;;;
VIC MX-MO (Monterrey);189.211.183.209;8443;;;;;;False;False;;;;;
VIC MX-PO (Premier Outlet);201.155.240.68;8443;;;;;;False;False;;;;;
VIC MX-PU (Puebla);200.66.111.179;8443;;;;;;False;False;;;;;
Vischer ;212.25.31.205;8443;;;;;;False;False;;;;;
vonRoll itec Nuelles;89.227.225.186;443;;;;;;False;False;;;;;
Wagner Architekten;213.200.225.151;8443;;;;;;False;False;;;;;
Walker Pestaj;46.14.127.178;8443;;;;;;False;False;;;;;
Weber-Vonesch Root;195.49.111.34;8443;;;;;;False;False;;;;;
Weber-Vonesch Zug;10.32.202.2;8443;;;;;;False;False;;;;;
Wimeba;213.3.59.42;8443;;;;;;False;False;;;;;
Wohnheim Schmetterling Waldheim;82.136.105.58;443;;;;;;False;False;;;;;
WPS Systems Hirschi;77.245.187.34;4443;;;;;;False;False;;;;;
ZEBA;46.14.92.218;8443;;;;;;False;False;;;;;
Zehnder Söhne AG;62.202.60.42;8443;;;;;;False;False;;;;;
Zibris;212.4.67.106;443;;;;;;False;False;;;;;
ZugerCapital;80.238.129.207;8443;;;;;;False;False;;;;;
ZugerPK;81.63.167.65;8443;;;;;;False;False;;;;;
ZugerPK;82.136.66.250;8443;;;;;;False;False;;;;;
Zwicker;83.173.201.105;8443;;;;;;False;False;;;;;
ÖKK;172.16.2.1;8443;;;;;;False;False;;;;;
ÖKK;212.243.205.10;8443;;;;;;False;False;;;;;
ÖKK;212.243.205.11;8443;;;;;;False;False;;;;;
